companyHR_id,firstname,lastname,email,password
1,Flower,Abdul,flowerabdul.23@gmail.com,%{8Z=Ey4z1
2,Amra,Zaman,amrazaman.61@gmail.com,@O&?Q35qa)
3,Aruba,Javed,arubajaved.53@outlook.com,!?#J$Z&fmJ
4,Mahrukh,Amjad,mahrukhamjad.20@outlook.com,b:i-~EEkU~HL
5,Amra,Butt,amrabutt.49@outlook.com,S<S!WIQVIE=
6,Aleena,Ayub,aleenaayub.54@gmail.com,t=o1[@L]
7,Ruby,Chandio,rubychandio.40@hotmail.com,`b_[y%s]v=$t
8,Yasir,Javaid,yasirjavaid.41@outlook.com,bzWm;6pDr
9,Kiran,Murtaza,kiranmurtaza.33@outlook.com,>)r8s#e|u+
10,Malik,Qureshi,malikqureshi.66@outlook.com,u=PWxQS}
11,Thinker,Shahzad,thinkershahzad.37@outlook.com,"OIzD3~7~,N""R"
12,Shahzaib,Wahab,shahzaibwahab.32@hotmail.com,"Zcr,tn6?^k"
13,Usman,Mohamed,usmanmohamed.71@gmail.com,",7|2a?Qy"
14,Kiran,Saeed,kiransaeed.33@gmail.com,{:s**PzH;
15,Arooha,Hameed,aroohahameed.85@outlook.com,`5[2MZ>_MIJ
16,Khadija,Shakoor,khadijashakoor.71@hotmail.com,?Rzty]E{/{
17,Suki,Altaf,sukialtaf.24@gmail.com,V<Vu06oxw6>R
18,Tabinda,Musa,tabindamusa.42@gmail.com,$0'p!o=ADb&
19,Idrees,Qadir,idreesqadir.18@hotmail.com,st0c$h\|I
20,Waqas,Nabi,waqasnabi.68@hotmail.com,qeME;p(JO2
21,Sunny,Usman,sunnyusman.93@hotmail.com,"/rs,jzr5:"
22,Haseeb,Imtiaz,haseebimtiaz.56@gmail.com,Dal%Zkp.ZU
23,Mustafa,Gull,mustafagull.56@gmail.com,"{F(,wjp6_xhd"
24,Mustafa,Nawab,mustafanawab.14@outlook.com,YRXrZ6f]W^<X
25,Aroush,Farid,aroushfarid.39@gmail.com,mlj<nq%Ck|/
26,Ateeq,Shafiq,ateeqshafiq.74@outlook.com,(88A)$0n_A#.
27,Aman,Sher,amansher.19@hotmail.com,}rtW7sBiPX
28,Mahrukh,Fatima,mahrukhfatima.25@outlook.com,"<!pw(LiDZ}R,"
29,Mustansar,Mal,mustansarmal.17@outlook.com,"ms*6SgE,I"
30,Usama,Raza,usamaraza.70@hotmail.com,clv:&g:C
31,Talha,Abid,talhaabid.72@hotmail.com,cAe0_:e\x16
32,Aleena,ul,aleenaul.81@hotmail.com,ntpvbrMb4RO]
33,Zainab,Zulfiqar,zainabzulfiqar.32@hotmail.com,i8j5Aik=
34,Bisma,Raja,bismaraja.39@hotmail.com,qXE_X<RA)
35,Suki,Saeed,sukisaeed.77@gmail.com,8qtntUM*pw
36,Rabab,Zahid,rababzahid.75@outlook.com,q3+85hb=H#
37,Rabab,Ghulam,rababghulam.93@hotmail.com,pH@U1!e]/R
38,Haseeb,Ayub,haseebayub.62@outlook.com,"uSDB'5,m"
39,Tariq,Saeed,tariqsaeed.92@hotmail.com,&k_;LNV`
40,Amna,Sattar,amnasattar.66@outlook.com,"dR2PZ/@u,D&B"
41,Abir,Usman,abirusman.40@gmail.com,GV-xZn?e
42,Karen,Qayyum,karenqayyum.47@gmail.com,u{^QTa}M
43,Asim,Khalil,asimkhalil.13@hotmail.com,"(C""]~W~Vk?i"
44,Mirha,Jameel,mirhajameel.39@gmail.com,v{kSwcSD
45,Malik,Gulzar,malikgulzar.66@gmail.com,"B+""V\Gpi=T."
46,Minahil,Khaliq,minahilkhaliq.75@outlook.com,G%#XtgB!m
47,Ameer,Mehmood,ameermehmood.75@outlook.com,i`fn$IG?JkR0
48,Ayesha,Masih,ayeshamasih.70@outlook.com,"af,Y,56,l"
49,Hammad,Warsi,hammadwarsi.38@gmail.com,jm-62Mnv+
50,Mirha,Qadir,mirhaqadir.82@hotmail.com,/!\9{S@J4UC
51,Aafea,Sadiq,aafeasadiq.28@gmail.com,7N]_*yanx
52,Rida,Umer,ridaumer.28@gmail.com,0j\M>%s2^pUk
53,Ateeq,Abdullah,ateeqabdullah.43@hotmail.com,"Or6m"";:g"
54,Wishal,Jamil,wishaljamil.54@gmail.com,z\`S}:TS
55,Aamir,Fazl,aamirfazl.60@gmail.com,P&EX>Mnqn}(z
56,Suki,Parveen,sukiparveen.58@gmail.com,"Y~*}ZH,c"
57,Adnan,Kumar,adnankumar.12@outlook.com,c2[&GW0u
58,Yasaa,Mahmood,yasaamahmood.79@gmail.com,7UYyWXnX
59,Zee,Asen,zeeasen.20@outlook.com,h/086tu@)
60,Haris,Nisar,harisnisar.49@gmail.com,Y\r^ob$X:
61,Manahil,Sharif,manahilsharif.96@outlook.com,"ECrUQest,j"
62,Sajida,Tahir,sajidatahir.26@gmail.com,"?X3gL|#,0"
63,Khadija,Rehman,khadijarehman.86@hotmail.com,fJup:Oh+#w2
64,Areej,Bibi,areejbibi.56@hotmail.com,~\9k&$%Xv
65,Hasnain,Khalil,hasnainkhalil.80@hotmail.com,"l;hM5""g#"
66,Nemera,Safdar,nemerasafdar.12@hotmail.com,"M?:r,e]'`M{U"
67,Hasnain,Bashir,hasnainbashir.41@hotmail.com,]r5k/+@06zq~
68,Zohaib,Zafar,zohaibzafar.95@outlook.com,')^bpWa)seA_
69,Fiza,Bahadur,fizabahadur.91@hotmail.com,eZQmbpRCg@
70,Fatima,Nasir,fatimanasir.49@hotmail.com,W$FXyN^f
71,Sheeza,Butt,sheezabutt.86@hotmail.com,K}23a:ustd
72,Hammad,Maqsood,hammadmaqsood.64@outlook.com,w@[e{Pn0HEM
73,Rohail,Kareem,rohailkareem.45@outlook.com,J0o8!CQFmvl
74,Haris,Akhter,harisakhter.22@gmail.com,o@5xTP-yY
75,Zahid,Ditta,zahidditta.47@outlook.com,(#'[^d$Zx
76,Hammad,Sikandar,hammadsikandar.95@gmail.com,"X#Y,>k/CxVOA"
77,Ayub,Wahab,ayubwahab.85@outlook.com,ZR]I5q#wIE?:
78,Malik,Arshad,malikarshad.48@outlook.com,xAq0LubF
79,Mirha,Younis,mirhayounis.86@outlook.com,rUXW=!.-
80,Yasir,Usman,yasirusman.44@outlook.com,0Yw?AR*G
81,Asim,Baksh,asimbaksh.93@outlook.com,P2nJ</+*[^>
82,Muzammal,Kamal,muzammalkamal.16@outlook.com,vpCj>it<jO#e
83,Fizza,Khatoon,fizzakhatoon.93@hotmail.com,"P.$&(1,</D"
84,Ismail,Pervaiz,ismailpervaiz.58@hotmail.com,A?4T.9_n2
85,Charlie,Asghar,charlieasghar.98@outlook.com,R5:~<yyMkr
86,Shahzaib,Murtaza,shahzaibmurtaza.78@gmail.com,(m5j!vOL
87,Umair,Chand,umairchand.81@hotmail.com,Yy)wST6WC
88,Muhammad,Khan,muhammadkhan.43@gmail.com,K92kspH6p@
89,Ismail,Raja,ismailraja.70@outlook.com,-LcuB`m2cj
90,Shahzaib,Shabir,shahzaibshabir.34@outlook.com,r&Gq45i-
91,Fizza,Zaheer,fizzazaheer.64@hotmail.com,"v""&E6^v,S@Y"
92,HINA,Riaz,hinariaz.32@outlook.com,6sKcYw&LJnKn
93,Aamir,Ilyas,aamirilyas.86@outlook.com,"Pq!},<P~Th1"
94,Ayyan,Sabir,ayyansabir.75@hotmail.com,L\akK.ci3O
95,Zohaib,Sultan,zohaibsultan.55@outlook.com,1\iF$1*JZ
96,Ayub,Nisar,ayubnisar.98@hotmail.com,8HvF8;CH4WX
97,Hammad,Soomro,hammadsoomro.12@gmail.com,fBedR}70z@O
98,Arooba,Amir,aroobaamir.48@gmail.com,a/bai&gZ
99,Noor,Nisar,noornisar.93@outlook.com,"k~GX]0^fJ"""
100,Ayyan,Inayat,ayyaninayat.44@outlook.com,?RHV1l@a@HO.
101,Ayesha,Dad,ayeshadad.24@hotmail.com,_I'|!XV3y3ZO
102,Hasnayn,Big,hasnaynbig.21@outlook.com,ITxBmo\cQ
103,Zeeshan,Sheikh,zeeshansheikh.29@hotmail.com,8TR52BpGmM`g
104,Sheharyar,ul,sheharyarul.46@outlook.com,K{^i(^JdZzjj
105,Eddie,Habib,eddiehabib.39@gmail.com,AhCfTL&B
106,Tabinda,Husain,tabindahusain.87@gmail.com,"k,[=`|88%~"
107,Swan,Ghani,swanghani.57@hotmail.com,"""LaZ'1NU"
108,Sohail,Ahmad,sohailahmad.14@outlook.com,"jyI0,(foLGb"
109,Areej,Sher,areejsher.26@outlook.com,f$/\*ysuX2
110,Flower,Nawab,flowernawab.67@hotmail.com,"1d""?dZjPk54_"
111,Tariq,Asghar,tariqasghar.50@outlook.com,[zGw7c3-
112,Zarish,Ejaz,zarishejaz.27@hotmail.com,%m<l.*un)zz
113,Samak,Nabi,samaknabi.40@outlook.com,iXSmu11#Ds
114,Arooba,Bota,aroobabota.44@hotmail.com,0XTP_fssC
115,P.alizai,Gul,p.alizaigul.84@outlook.com,qfomk6D6
116,Aman,Yaqoob,amanyaqoob.38@outlook.com,0Q}@9}*d2w}(
117,Suki,Jahan,sukijahan.30@hotmail.com,4vnGDm-D{GQW
118,Sonia,Jabar,soniajabar.77@gmail.com,}92g0[~~
119,Suki,Bi,sukibi.72@hotmail.com,gl0]57xjhA\
120,Minahel,Qadeer,minahelqadeer.39@outlook.com,"/?b^h{O4p'"""
121,Mohammad,Rahim,mohammadrahim.22@hotmail.com,"t(""^<y/Em""["
122,Sahar,Sher,saharsher.34@hotmail.com,'([w$kfYu
123,Fal,Shaheen,falshaheen.42@outlook.com,/}-^C>b3]2ps
124,Anum,Sadiq,anumsadiq.70@gmail.com,4B9$lo6^-
125,Ateeq,Shah,ateeqshah.87@outlook.com,-+0|1\j3z
126,Nemera,Hasan,nemerahasan.57@hotmail.com,.Y8%VE4S>m
127,Sajid,Shakoor,sajidshakoor.69@gmail.com,*!K:0Y?9(+_f
128,Sheraz,Gul,sherazgul.76@hotmail.com,F<?Nx#}42RY
129,HINA,Masood,hinamasood.24@outlook.com,GF5TzfL|9sK
130,Asad,Fatima,asadfatima.16@gmail.com,G(h[BP2SSj
131,Rabab,Babar,rababbabar.43@outlook.com,"B,.HNr!#"
132,Malik,Akram,malikakram.16@gmail.com,"wN-qPvB"""
133,Shayan,Awan,shayanawan.99@outlook.com,'6dRklw-YyS
134,Rabab,Qadir,rababqadir.94@outlook.com,Za3MWq$[oZ
135,Minahel,Saleem,minahelsaleem.59@outlook.com,7>Do3=Nn>}bR
136,Eddie,Amir,eddieamir.95@gmail.com,fND.K5_/>7YT
137,Muhammad,Ghani,muhammadghani.81@hotmail.com,t{020*%0cC
138,Ayesha,Bi,ayeshabi.81@gmail.com,",DoXpTjQ"
139,Saima,Sabir,saimasabir.44@outlook.com,^2UffwP(<FW
140,ALIYA,Murtaza,aliyamurtaza.83@gmail.com,4-_Z9I<8;8
141,Shehzad,Khalid,shehzadkhalid.90@gmail.com,hRQX^/1DWQ
142,Maryam,Altaf,maryamaltaf.40@outlook.com,fN6/3s+e+ad
143,Alina,Alam,alinaalam.93@outlook.com,vrj@j<'3\r)
144,Eishal,Haroon,eishalharoon.34@gmail.com,23u@\eEFK3Br
145,Benish,Ghulam,benishghulam.79@gmail.com,"s-hb}auRYq,8"
146,Sajid,Ghani,sajidghani.81@hotmail.com,"y]Qi?(2y,d]k"
147,Thinker,Soomro,thinkersoomro.11@gmail.com,AX{M!h')'Dl
148,Sadaf,Hussian,sadafhussian.87@gmail.com,w`m5jUW9h
149,Zainab,Khaw,zainabkhaw.42@outlook.com,"G,C4ayYnpD*@"
150,Bisma,Ishaq,bismaishaq.76@outlook.com,"U',PnexA]$4"
151,Aman,Mushtaq,amanmushtaq.68@outlook.com,(rDWgYC.
152,Sarah,Amin,sarahamin.39@gmail.com,&aI.g=jZv*C5
153,Manahil,Naveed,manahilnaveed.18@hotmail.com,.~(D'Gvw_%KS
154,Sonia,Qadir,soniaqadir.56@gmail.com,"~MeL>)kf{,Eo"
155,Farooq,Rauf,farooqrauf.56@outlook.com,"e[,sGT7y"
156,Muhammad,Zaidi,muhammadzaidi.59@outlook.com,LU`&YmCv}X5
157,Ali,Wahab,aliwahab.14@outlook.com,F1o@Tne`Tqgl
158,Fatima,Naz,fatimanaz.80@outlook.com,SB+j_nGr2i
159,Omar,Nazir,omarnazir.98@hotmail.com,`0;wB-MUS=7g
160,Rashid,Masood,rashidmasood.85@gmail.com,L-=f\I#e2V'/
161,Eddie,Mushtaq,eddiemushtaq.12@outlook.com,"w""]AwH{k"
162,Zee,Ul,zeeul.96@outlook.com,*5&pv.!G.O
163,Amra,Ghafoor,amraghafoor.49@outlook.com,.U2tyS_&6C
164,Fal,Munir,falmunir.52@gmail.com,N+`e'NliB{
165,Nerda,Asghar,nerdaasghar.77@gmail.com,#;3B2R+u
166,Mujtaba,Bi,mujtababi.30@outlook.com,uH{ib{\G12U
167,Muhammad,Nazeer,muhammadnazeer.21@gmail.com,"+(""?vN\""'""C"
168,Hassan,Khalil,hassankhalil.99@outlook.com,!ro=7.^W5ky
169,Sadaf,Big,sadafbig.60@outlook.com,VW|@6:wl
170,Ateeq,Akram,ateeqakram.50@outlook.com,'h$'jVE-b
171,Sahar,Umer,saharumer.44@gmail.com,)\*sChFkm*
172,Rabia,Noor,rabianoor.48@outlook.com,rUAk~?8)d%y
173,Noon,Server,noonserver.69@gmail.com,;e4WX;Q1
174,P.alizai,Asen,p.alizaiasen.16@outlook.com,S`)dDWLo$
175,Sahar,Tahir,sahartahir.87@gmail.com,"""0%p+8n\Y"
176,Zohaib,Saleem,zohaibsaleem.74@hotmail.com,"4nB36WF&LqB"""
177,Sajid,Naseem,sajidnaseem.92@gmail.com,CO;C%h|Vy~
178,Usama,Ejaz,usamaejaz.41@gmail.com,;&laL}=h{{_f
179,Faheem,Ibrahim,faheemibrahim.78@outlook.com,wqR!o}JZKr
180,Waseem,Taj,waseemtaj.54@gmail.com,*nyG<v[gI:m
181,Nerda,Asghar,nerdaasghar.15@outlook.com,tjP:AA`NX
182,HINA,Zafar,hinazafar.23@outlook.com,%kiA`V5/
183,Rabab,Khaliq,rababkhaliq.64@gmail.com,zct8VR6kc
184,Mohammad,Rehman,mohammadrehman.78@outlook.com,"5<-/L:"":rx"
185,Waqas,Adnan,waqasadnan.17@outlook.com,8bYB{CfIu.
186,Inaya,ur,inayaur.79@hotmail.com,"p=]T,q)Ll{!~"
187,Samak,Mukhtar,samakmukhtar.10@outlook.com,nZRrTq5l_
188,Mohammad,Mir,mohammadmir.22@outlook.com,wnMyJ&P^!~
189,Mustafa,Awaya,mustafaawaya.51@gmail.com,Xh`)j@s.9#
190,Fizza,Rasool,fizzarasool.87@hotmail.com,ve`Ty;]:
191,Ayyan,Fazl,ayyanfazl.87@gmail.com,^2z61A-n
192,Fal,Iqbal,faliqbal.86@gmail.com,F\TErQurj
193,Mustansar,Saleem,mustansarsaleem.83@outlook.com,"9,1D>pVI2=]S"
194,Wishal,Awaya,wishalawaya.13@gmail.com,}xvEI{1bGzE9
195,Waqas,Wahab,waqaswahab.19@outlook.com,i{c^#Pj@*]O8
196,Tehreem,Naeem,tehreemnaeem.33@hotmail.com,(1t_Y-#sbinM
197,Zeeshan,Satar,zeeshansatar.88@gmail.com,`8-1DycUXMUI
198,Annie,Bilal,anniebilal.79@hotmail.com,$x4X3(ajzA
199,Sheeza,Shaheen,sheezashaheen.12@outlook.com,qq6M4Ygi
200,Swan,Azeem,swanazeem.41@hotmail.com,#FgG)hj6'3n
201,Alina,Husain,alinahusain.14@hotmail.com,")9zkmn^G""Oh"
202,Wishal,Hussain,wishalhussain.45@hotmail.com,JB#_OSAXX<
203,Eishal,Sheikh,eishalsheikh.67@outlook.com,fs|o5{G6\gQ
204,Manahil,Bilal,manahilbilal.32@hotmail.com,"<""S6z-<gqa2\"
205,Owais,Saeed,owaissaeed.68@gmail.com,asnotoH_
206,Muhammad,Brohi,muhammadbrohi.83@gmail.com,5;;E)UcfxNu
207,Mustansar,Iftikhar,mustansariftikhar.96@gmail.com,@/dJu`/)
208,Nazy,Rafique,nazyrafique.74@gmail.com,aj8#Pw`=5ZM
209,Zahid,Shafiq,zahidshafiq.25@outlook.com,z$`<?{9jhq
210,Sadaf,Yaar,sadafyaar.36@outlook.com,jHmkCtjD#qIK
211,Ayesha,Abas,ayeshaabas.62@gmail.com,8Ow[`EnC/(EP
212,Haroon,Dad,haroondad.24@hotmail.com,-)F*0/kS!
213,Talha,Aziz,talhaaziz.14@outlook.com,mp4Q4zxZ^A%P
214,Tehreem,Imran,tehreemimran.95@outlook.com,%R2Fg]*%#
215,Charlie,Mehboob,charliemehboob.78@gmail.com,J4W?ph]6`\
216,Haseeb,Abas,haseebabas.97@gmail.com,tPq1MVl]Grid
217,Aman,Yaseen,amanyaseen.34@gmail.com,mA[Ac!fp=m
218,Zahid,Khalid,zahidkhalid.90@hotmail.com,/.3/D}zYu
219,Flower,Saeed,flowersaeed.95@outlook.com,H(m@sK|2
220,Amra,Farooq,amrafarooq.94@gmail.com,c%g*+R)/x-
221,Yasaa,Sattar,yasaasattar.51@outlook.com,\Y<m?v.$U
222,Saboor,Ibrahim,sabooribrahim.97@outlook.com,",YH$1o92l\=+"
223,Muzammal,Mir,muzammalmir.12@outlook.com,m]T$\PgO/R
224,Farooq,Rasheed,farooqrasheed.17@hotmail.com,RW?Jbq^/lh3
225,Madhia,Iqbal,madhiaiqbal.84@outlook.com,De]W}STsW
226,Mustansar,Kausar,mustansarkausar.20@outlook.com,UQt3b8a\
227,Huma,Akhtar,humaakhtar.58@gmail.com,{]-+2FS-U/C
228,Malik,Safdar,maliksafdar.42@hotmail.com,73AF9XCL#vC
229,Mian,Mohamed,mianmohamed.76@gmail.com,nB1Dp7;V'
230,Charlie,Alam,charliealam.41@outlook.com,0U)hpNtN
231,Nazy,Baz,nazybaz.33@hotmail.com,uIGBUrK(p18m
232,Rohail,Ramadan,rohailramadan.70@outlook.com,S5G}o6u*Ss*
233,Maryam,Taj,maryamtaj.90@hotmail.com,Y#dNAxz:
234,Yasaa,Saleem,yasaasaleem.15@gmail.com,"r$|,9l&%uyY"
235,Muzammal,Haroon,muzammalharoon.64@hotmail.com,lB~t0t+\lN
236,Adnan,Faisal,adnanfaisal.14@outlook.com,SFlihK)UT1
237,Amra,Ijaz,amraijaz.30@hotmail.com,'7uYV=9H|Fq%
238,Mohammad,Brohi,mohammadbrohi.36@hotmail.com,69O]ds2VA
239,Ramsha,Jan,ramshajan.63@outlook.com,!$Uy}2uOMo
240,Muhammad,Mukhtar,muhammadmukhtar.30@gmail.com,:ki{i[6j9kyQ
241,Muhammad,Salam,muhammadsalam.89@gmail.com,"(""nY|.Ie!ib"
242,Maham,Mal,mahammal.20@outlook.com,)'hB7Y#qM
243,Rabab,Umer,rababumer.47@hotmail.com,Y(*vt~]2?213
244,Waseem,Dino,waseemdino.66@outlook.com,mq_DuLtE>0
245,Aafea,Abdul,aafeaabdul.56@hotmail.com,"D|gr""T@|Khn"
246,Saamiya,Allah,saamiyaallah.60@gmail.com,"""q9""""d8l"
247,Zee,Raja,zeeraja.72@gmail.com,s-)7._'V1
248,Saddam,Farooq,saddamfarooq.25@hotmail.com,Nu/c}x_1d'
249,Saif,Saeed,saifsaeed.90@hotmail.com,X=;[Ubf%yt
250,Alexis,Hasan,alexishasan.54@gmail.com,y`$w\uraJ
251,Kashaf,Qureshi,kashafqureshi.28@gmail.com,<:KSB_XH}fa6
252,Hammad,Hayat,hammadhayat.31@outlook.com,7M!\(klNA&w
253,Ismail,Jamali,ismailjamali.37@hotmail.com,.%m'(L79
254,Arooha,Shaheen,aroohashaheen.84@outlook.com,"={P^$},j^7"
255,Faheem,Younas,faheemyounas.60@gmail.com,@-T3xd~O
256,Salam,Afzal,salamafzal.37@hotmail.com,6~nW-/S-c/
257,Aafaq,Masood,aafaqmasood.29@outlook.com,"5""}2yBHv=mM"
258,Habib,Ijaz,habibijaz.80@gmail.com,e}J}JKT]boS
259,Humna,Elahi,humnaelahi.31@outlook.com,76d+@/+B
260,Tariq,Nawaz,tariqnawaz.78@outlook.com,)1stJ@-/AJ9
261,Sheraz,Mal,sherazmal.79@hotmail.com,.5@sGn{('A{
262,Omar,Jameel,omarjameel.54@hotmail.com,pHML@/aq
263,Mishael,Faisal,mishaelfaisal.52@hotmail.com,FyQ=rM!$()h
264,Bisma,Dad,bismadad.47@outlook.com,\uHsY~EaGY
265,Alina,Husain,alinahusain.78@hotmail.com,x<t~<ZUp_
266,Ramsha,Khan,ramshakhan.39@gmail.com,UxJ5'ycib8ZT
267,Khadija,Shafique,khadijashafique.45@hotmail.com,0#lVa@!&Tnt
268,Usman,Rajput,usmanrajput.13@hotmail.com,B5dC.`Cny
269,Hasnayn,Ali,hasnaynali.39@outlook.com,VZN'<&wysA
270,Farooq,Ullah,farooqullah.77@outlook.com,!*}@bwXBk;3_
271,Rabia,Kashif,rabiakashif.58@gmail.com,=YPXih:'
272,Kashaf,Hafeez,kashafhafeez.25@outlook.com,"P@}5-v""S&SK"
273,Omar,Fazal,omarfazal.24@outlook.com,"FEaF""7hPQ"
274,Tabinda,Zahid,tabindazahid.24@outlook.com,/M^M0UKi
275,Khan,Hussain,khanhussain.87@gmail.com,I:5u%!J0s
276,Aafaq,Lal,aafaqlal.85@hotmail.com,"f;fBbq>y(=,"
277,Ayyan,Jahangir,ayyanjahangir.10@outlook.com,"!R""z;}mIj8"
278,Benish,Zahid,benishzahid.40@outlook.com,*}eip-[@v
279,Rida,Awaya,ridaawaya.99@hotmail.com,"D""Al*B`7W@I"
280,Anum,Waris,anumwaris.26@hotmail.com,?8vXE@lbud
281,Sunny,Husain,sunnyhusain.39@hotmail.com,I:$cNY0haK-Q
282,Maham,Raheem,mahamraheem.58@gmail.com,Qq6!/..g
283,Eddie,Shabbir,eddieshabbir.17@gmail.com,dcmo3;Qd
284,Jehangeer,Bux,jehangeerbux.92@hotmail.com,)hR]S@3:wPK
285,Alishba,Umer,alishbaumer.78@gmail.com,[HFvelGI4J5
286,Sajida,Murtaza,sajidamurtaza.80@gmail.com,j@uRtNyE
287,Zarish,Mir,zarishmir.76@outlook.com,"km!t@C$JP""+"
288,Noor,Shaikh,noorshaikh.72@gmail.com,f9]$D~30bx
289,Zee,Iqbal,zeeiqbal.60@outlook.com,w'VW$G/yVgJ
290,Umair,Shehzad,umairshehzad.80@outlook.com,GY;DnF94
291,Arooha,Zaidi,aroohazaidi.87@gmail.com,"f""c=5.mrwtP"
292,Jahanzaib,Raza,jahanzaibraza.26@gmail.com,)Rx*u$#(YY0
293,Inaya,Asen,inayaasen.37@outlook.com,i)!BHHQ\64%
294,Shehzad,Parveen,shehzadparveen.86@hotmail.com,RxmR_-zMj.
295,Hasnayn,Mehmood,hasnaynmehmood.38@hotmail.com,@73{2oW=&[
296,Ahmad,Ramadan,ahmadramadan.34@hotmail.com,%!j12p#h0vL
297,Owais,Yasin,owaisyasin.97@hotmail.com,HZAU<E#u&c5i
298,Annie,Zulfiqar,anniezulfiqar.72@hotmail.com,"lxh''L""Afc"
299,Waseem,Waqas,waseemwaqas.48@outlook.com,~!ZQG@BP
300,Mishael,Zaidi,mishaelzaidi.44@hotmail.com,qQ>TLWs!/
301,Talha,Bux,talhabux.92@outlook.com,Aya.!o$@
302,Annie,Ikram,annieikram.86@gmail.com,"9""yzT+n`"
303,ALIYA,Bhatti,aliyabhatti.43@hotmail.com,K2~mv'xZ
304,Hareem,Rafiq,hareemrafiq.95@gmail.com,<A+EG<0[B
305,Amna,Farooq,amnafarooq.29@outlook.com,6kyKnay+Z
306,Hazara,Imran,hazaraimran.28@outlook.com,TOHM]d:T;qX
307,Sunny,Kareem,sunnykareem.53@gmail.com,%jkIP=X74[
308,Thinker,Hussian,thinkerhussian.93@gmail.com,3}2ZJdX<
309,Bakhtiyar,Shoaib,bakhtiyarshoaib.70@outlook.com,W1dFXYhzrHr
310,Ahmed,Ashfaq,ahmedashfaq.19@hotmail.com,:(f[#<I5#
311,Hazara,Begum,hazarabegum.45@gmail.com,6=sX$1e`n
312,Haseeb,Babar,haseebbabar.24@gmail.com,S8b&`;5yb5
313,Ayyan,Deen,ayyandeen.74@gmail.com,*aHzgQlR/G
314,Saddam,Jamil,saddamjamil.60@outlook.com,NC05/4$M
315,Hassan,Zaidi,hassanzaidi.39@gmail.com,}4$+y%I=7h)
316,Rabab,Tufail,rababtufail.12@hotmail.com,7$dWIjW~9
317,Zahid,Fatima,zahidfatima.52@outlook.com,;15rh'H>
318,Zarish,Mukhtar,zarishmukhtar.61@hotmail.com,hJtwvCZW1Wh
319,Hasnayn,Kumar,hasnaynkumar.16@gmail.com,7'<H|\M>Ph
320,Aman,Mirza,amanmirza.39@hotmail.com,JzAffB-6
321,Mian,Samad,miansamad.13@outlook.com,)ZI9ZvB/{yf
322,Haseeb,Zaib,haseebzaib.68@hotmail.com,"T""@1wmlZ"
323,Farooq,Ayub,farooqayub.41@outlook.com,3MkQtG8ieT>
324,DAWOOD,Yaseen,dawoodyaseen.85@hotmail.com,mA5v~GMMV;
325,Muhammad,Shakoor,muhammadshakoor.15@gmail.com,"/,BpUotCS?"
326,Fawad,Khalid,fawadkhalid.22@outlook.com,"""~U\|F#lU"
327,Saad,Waqas,saadwaqas.67@gmail.com,VhI=#W'dS:L<
328,Nerda,Hakeem,nerdahakeem.85@outlook.com,h._ivdJ&s>
329,Muhammad,Ashfaq,muhammadashfaq.19@gmail.com,&3P.{9TL!
330,Mohammad,Ameen,mohammadameen.69@outlook.com,@_G'87T:p^
331,Fawad,Anjum,fawadanjum.46@outlook.com,9FG=FV:6zn
332,Fatima,Masih,fatimamasih.61@outlook.com,L^@>fb*C[
333,Sajida,Razzaq,sajidarazzaq.11@hotmail.com,D1cuj~%ICJ
334,Zafar,Sadiq,zafarsadiq.97@gmail.com,p>:1[4HODL|-
335,Laiba,Shafique,laibashafique.43@gmail.com,>Y;:[siKv?
336,Hazara,Malik,hazaramalik.12@hotmail.com,"{+E,h.h_'"
337,Karen,Akram,karenakram.94@hotmail.com,1`_\wAj|}
338,Laiba,Soomro,laibasoomro.37@hotmail.com,OOYs!>$!~'b
339,Saboor,Ghafoor,saboorghafoor.31@hotmail.com,[~Z-mQFxg@W
340,Mirha,Kashif,mirhakashif.65@gmail.com,"9'LzH~+z""7m"
341,Tariq,Baig,tariqbaig.58@outlook.com,"""}PoQRtrg7"
342,Ajwa,Pervez,ajwapervez.46@outlook.com,b5$s*E+-
343,Sarah,Irshad,sarahirshad.35@gmail.com,:OC4/TA}};
344,Karen,Umer,karenumer.57@gmail.com,zAQOO@~m
345,P.alizai,Elahi,p.alizaielahi.73@outlook.com,so:DLTno
346,Ahmad,Shehzad,ahmadshehzad.56@gmail.com,XNvJZ#|uo
347,Swan,Baig,swanbaig.72@outlook.com,"4+(2]2qny,SW"
348,Ayan,Razzaq,ayanrazzaq.24@outlook.com,giG['1%WSR
349,Ruby,Khaliq,rubykhaliq.81@outlook.com,rT@a1\<CK=\
350,Mohammad,Syed,mohammadsyed.85@outlook.com,",t-7*=(4"
351,Sajida,Younas,sajidayounas.33@outlook.com,s9T#(c(LipJ
352,Sonia,Usman,soniausman.66@outlook.com,M|]Cl!wZb1
353,Aroush,Husain,aroushhusain.52@gmail.com,<)Sx7h<[
354,Ghulam,Ayaz,ghulamayaz.75@outlook.com,"J&`Y0#+4,"
355,Ayub,Nazeer,ayubnazeer.36@outlook.com,16+Gr>{k[
356,Charlie,Shaheen,charlieshaheen.56@gmail.com,6|8)h4IZ
357,Fizza,Abas,fizzaabas.51@outlook.com,`tt)36R1
358,Shayan,Nazir,shayannazir.25@outlook.com,6pSf<ma0<c
359,Fal,Imran,falimran.21@outlook.com,":p~B,wFtc#:*"
360,Ruby,Wahid,rubywahid.67@outlook.com,$db^jt>Z[7DM
361,Zahid,Yaar,zahidyaar.76@hotmail.com,"9E}0""J]Ak+f"
362,Madhia,Ahmad,madhiaahmad.62@gmail.com,"`yZ/4e""RBMhx"
363,Ameer,Salam,ameersalam.77@gmail.com,"L0>L!Rxwp-""m"
364,Laiba,Ul,laibaul.45@hotmail.com,>iQ:QT+I|
365,Ajwa,Fatima,ajwafatima.20@hotmail.com,F*AG5;\>
366,Faheem,Afzal,faheemafzal.68@gmail.com,"Z7~rYO/""{e5"
367,Saamiya,Zaib,saamiyazaib.63@outlook.com,#r+gd8H`%DQ[
368,Huma,Amjad,humaamjad.99@hotmail.com,"""iGOtp,LwQ"
369,Arooha,Anjum,aroohaanjum.59@hotmail.com,<HPL_Sn}^+
370,Aman,Jan,amanjan.42@gmail.com,:k^c]+jc'
371,Sohail,Haroon,sohailharoon.21@hotmail.com,:tN(VzFR2[X]
372,Zahid,Bhatti,zahidbhatti.51@outlook.com,"BfM/Axf,Uphu"
373,Eman,Ali,emanali.70@gmail.com,P`=+os;cB
374,Sidra,Salman,sidrasalman.66@outlook.com,>Db]ax|bDM=
375,Aafea,Mohamed,aafeamohamed.94@outlook.com,ed7/rl-X^#?
376,Laiba,Ijaz,laibaijaz.56@outlook.com,"^cx=?,ZH#2"
377,Noon,Ikram,noonikram.46@hotmail.com,q]k#]qk(F
378,Faheem,Mughal,faheemmughal.96@hotmail.com,1YXz|FEW|I
379,Sidra,Mehboob,sidramehboob.66@gmail.com,)T1%b.9x
380,Ramsha,Sardar,ramshasardar.29@gmail.com,J+b{G%G@
381,Tariq,Yaqoob,tariqyaqoob.20@hotmail.com,q&iy4#DQOE
382,Ateeq,Ayaz,ateeqayaz.40@hotmail.com,!0.moz0&hs
383,Zainab,Saleem,zainabsaleem.13@hotmail.com,&s.'92H:2ab%
384,Ali,Afzal,aliafzal.53@outlook.com,"mW,Zqsr70Ki"
385,Kiki,Saleem,kikisaleem.49@outlook.com,+E0kF&:i
386,Mian,Mumtaz,mianmumtaz.61@gmail.com,LYk'-/(=Cx\v
387,Waseem,Jameel,waseemjameel.14@outlook.com,t\.$iKjd(5'
388,Aman,Khan,amankhan.87@outlook.com,c@AHC3c5
389,Saif,Bukhari,saifbukhari.39@gmail.com,b]qDuXh|Q
390,Sarah,Sikandar,sarahsikandar.27@outlook.com,l;*/Y>:QOi#
391,Zeeshan,Hakeem,zeeshanhakeem.25@gmail.com,v&.)Ypr=k>
392,Thinker,Sohail,thinkersohail.31@hotmail.com,"],%(v_'>He}v"
393,Mizha,Qadir,mizhaqadir.31@outlook.com,j%_%.%5ogf
394,Omar,Samad,omarsamad.30@hotmail.com,YT8[[?v4
395,Omar,Ullah,omarullah.18@outlook.com,qYG`sWxV.z3
396,Zainab,Uddin,zainabuddin.81@hotmail.com,MHJsLXw_47l
397,Ismail,Qadir,ismailqadir.46@gmail.com,VXc8gEK!)b
398,Arooba,Jan,aroobajan.12@outlook.com,;Nw3Ncau`%dJ
399,Usman,Nazir,usmannazir.49@hotmail.com,"""|_?]&W@!9{{"
400,Muhammad,Khan,muhammadkhan.21@gmail.com,{6zT&Bi?m.
401,Zafar,Tariq,zafartariq.36@hotmail.com,"Odd5uKT"""
402,Amina,Awan,aminaawan.28@gmail.com,8^kz5%?;
403,Hazara,Bilal,hazarabilal.91@hotmail.com,*^uGD7Cx
404,Ghulam,Khaw,ghulamkhaw.64@gmail.com,"7q7-)V~""9p"
405,Khadija,Jamali,khadijajamali.57@outlook.com,):*:'>V>
406,Aruba,Qasim,arubaqasim.16@hotmail.com,Y*W;LF{zrb
407,Sheharyar,Nasir,sheharyarnasir.64@outlook.com,0iRgIO}KW]&
408,Ali,Kashif,alikashif.69@hotmail.com,0qDuXw>B5t
409,Mahrukh,Shaikh,mahrukhshaikh.70@gmail.com,!a_$3/2dWV<d
410,Aafaq,Haneef,aafaqhaneef.81@gmail.com,%WOHMNih7U@
411,Kiran,Zubair,kiranzubair.31@outlook.com,a*A[}_B8m'p7
412,Sheraz,Shafi,sherazshafi.17@outlook.com,lBKQj(0jr
413,Asad,Latif,asadlatif.44@outlook.com,wZD%Sy{ypL
414,Jahanzaib,Hussain,jahanzaibhussain.37@hotmail.com,xGJUi0i.5^o
415,Hassam,Abdul,hassamabdul.22@outlook.com,Kschmtyp!AF
416,Manaal,Begum,manaalbegum.50@gmail.com,4qXFtOZV$#
417,Fatima,Shafi,fatimashafi.36@outlook.com,QEX9PN<8sv
418,Alina,Amjad,alinaamjad.62@gmail.com,.csU=WFzn3{
419,Ayyan,Jameel,ayyanjameel.11@hotmail.com,"V$;OiKt"""
420,Zarish,Baz,zarishbaz.76@outlook.com,pXf$'87$c^d[
421,Ruby,Qadir,rubyqadir.64@outlook.com,s:wR03R~8HQK
422,Hammad,Shahbaz,hammadshahbaz.35@outlook.com,w[p#+69:=
423,Hasnayn,Qadir,hasnaynqadir.44@outlook.com,nSAqC2hi]yR{
424,Khudija,Safdar,khudijasafdar.50@outlook.com,#NAME?
425,Sheeza,Ali,sheezaali.15@outlook.com,@+j-Z_F&
426,Muhammad,Sikandar,muhammadsikandar.62@hotmail.com,U4GVXp|_afZ
427,Saad,Ilyas,saadilyas.82@hotmail.com,P3)3.wghH'
428,Zarish,ur,zarishur.92@hotmail.com,"""MLV$p!WX"
429,Saddam,Baig,saddambaig.65@gmail.com,+~EkbZs4ky
430,Hassan,Jabar,hassanjabar.17@hotmail.com,E?p}s.6O$Br.
431,Umair,Basheer,umairbasheer.38@hotmail.com,kv(!krPYNL
432,Khadija,Saleem,khadijasaleem.30@outlook.com,"%36$=dmGD,h"
433,Areej,Zaidi,areejzaidi.68@gmail.com,63?)EY]Vo
434,Hamza,Hassan,hamzahassan.28@gmail.com,ro\5ky!2
435,Charlie,Amjad,charlieamjad.47@outlook.com,v]gODv@5t<
436,Tehreem,Saleem,tehreemsaleem.78@gmail.com,6={r>x:j@@n
437,Aafea,Ayaz,aafeaayaz.78@gmail.com,&_O4$QbW
438,Fawad,Haq,fawadhaq.29@outlook.com,-T_m)B1Cg
439,Nazy,Nawab,nazynawab.66@outlook.com,u7#:?+{PpJI
440,Ayeza,Zada,ayezazada.79@outlook.com,"ko2f\,(8"
441,Dua,Imtiaz,duaimtiaz.94@gmail.com,ZQq7>EGC5|f
442,Salman,Mughal,salmanmughal.74@outlook.com,EC;CS9lJtm
443,Tabinda,Saeed,tabindasaeed.90@gmail.com,#].8u3B@'r
444,Aleena,Mal,aleenamal.67@outlook.com,Ekq.pH23D;r#
445,Manahil,Basheer,manahilbasheer.84@hotmail.com,"[9_FwNMQ""LXw"
446,Inaya,Pervez,inayapervez.45@outlook.com,6]XKEt%Jx4
447,Faheem,Ghani,faheemghani.34@outlook.com,)nj:$.&C=F
448,Mustansar,Inayat,mustansarinayat.39@gmail.com,@{Ue{z7OkUJ
449,Owais,Abid,owaisabid.63@outlook.com,a-!g]>x{U
450,Ayyan,Shareef,ayyanshareef.33@hotmail.com,"OC3L.Z(,Q'_"
451,Rashid,Mirza,rashidmirza.29@gmail.com,!lzTh((r!?x
452,Shaukat,Butt,shaukatbutt.41@hotmail.com,"lX+""}]G5Qk"
453,Hareem,Zada,hareemzada.87@hotmail.com,"IFQ%,C!F"
454,Ali,Anjum,alianjum.27@gmail.com,aF-S\S4n
455,Zain,Sher,zainsher.77@gmail.com,8T'P_Ti$_
456,Ismail,Sabir,ismailsabir.37@gmail.com,V-TwEWD?s8j
457,Hamza,Mohammad,hamzamohammad.43@gmail.com,"zJM1&n""?"
458,Flower,Khan,flowerkhan.46@gmail.com,3L]uO_]4H6(
459,Sonia,Younis,soniayounis.30@hotmail.com,"B6)TvdA,"
460,Saamiya,Haider,saamiyahaider.21@hotmail.com,"2&#kv`""Xv"
461,Amir,Khan,amirkhan.58@gmail.com,a(Bq!3;+
462,Khadija,Awan,khadijaawan.84@gmail.com,"r>a~hu""RP"
463,Tabinda,Shahid,tabindashahid.45@outlook.com,1=DqC^X`\{y
464,Maheen,Hassan,maheenhassan.33@hotmail.com,61(Y|8*eC9
465,Owais,Wahid,owaiswahid.31@outlook.com,"?GS;#+G""oq-"
466,Arooba,Rashid,aroobarashid.80@gmail.com,")+""7+(]wb"
467,Waqas,Latif,waqaslatif.81@outlook.com,ihO&O}1|
468,Jehangeer,Ramzan,jehangeerramzan.25@hotmail.com,Tt_b`yiei;M5
469,DAWOOD,Rahman,dawoodrahman.88@gmail.com,T/co{{h5$pP%
470,Sohail,Rafiq,sohailrafiq.53@gmail.com,Y;>xpVBi8
471,Saboor,Nazir,saboornazir.37@outlook.com,"{k2^m&t$W#""{"
472,HINA,Nazeer,hinanazeer.38@hotmail.com,"C,'#)En2q2/"""
473,Umair,Asen,umairasen.91@hotmail.com,"c(76,OB;o"
474,Maryam,Siddique,maryamsiddique.11@gmail.com,[40%L?(&ys+W
475,Hasnain,Aziz,hasnainaziz.25@hotmail.com,\Z9X=5;F/_
476,Bilal,Shahbaz,bilalshahbaz.36@gmail.com,"fHj@ke&Oe-t,"
477,Sajida,Shabir,sajidashabir.80@outlook.com,"sj,N][78x"
478,Amna,Hakeem,amnahakeem.85@hotmail.com,'DYHS.G+?.JC
479,Zohaib,Jan,zohaibjan.35@outlook.com,@(K?n[uZPp
480,Maham,Baz,mahambaz.15@gmail.com,"yI""+y*<g\2y"
481,Kiki,Nasir,kikinasir.39@hotmail.com,#qZ'G\R8RB
482,Sheharyar,Dutt,sheharyardutt.16@outlook.com,bGNg=[~q
483,Manahil,Raheem,manahilraheem.10@outlook.com,crA+uE<=iLQ{
484,Inaya,Server,inayaserver.18@outlook.com,:O/43ZS7J;0<
485,Ujalaa,Razaq,ujalaarazaq.40@outlook.com,"j^LA~J"":Y;"
486,Yasir,Qasim,yasirqasim.36@gmail.com,R@:Vx)v-O`
487,Shahzaib,Akhter,shahzaibakhter.45@gmail.com,>}<fs+-`y
488,Amir,Mughal,amirmughal.46@hotmail.com,"<M"")6ReR"
489,Hassam,Ramzan,hassamramzan.61@gmail.com,"B$ky,wbi"
490,Haris,Ayub,harisayub.75@outlook.com,!sibDO=<l*>
491,HINA,Sheikh,hinasheikh.24@outlook.com,_t&q.w\v
492,Tehniyat,Fazl,tehniyatfazl.53@hotmail.com,w#)(Q&tHA
493,Areej,Ali,areejali.21@outlook.com,LEQX!R38z[J2
494,Adi,ur,adiur.68@outlook.com,b|K*T}DX'x
495,Hammad,Azeem,hammadazeem.89@outlook.com,A&tH?`Uaxb
496,Leah,Ashraf,leahashraf.63@hotmail.com,"-cY+.nh,.S"
497,Sohail,Mohammad,sohailmohammad.31@outlook.com,823B&dpy^T>
498,Waqas,Abas,waqasabas.32@gmail.com,U(nHY9@;zoq:
499,Ahmed,Big,ahmedbig.41@hotmail.com,"2'],$"",J"
500,Haris,Awan,harisawan.26@hotmail.com,v@FL4nKs7
